taxa_id,genus,species
568076,Metarhizium,robertsii
53326,Ancylostoma,ceylanicum
4155,Erythranthe,guttata
7160,Aedes,albopictus
30076,Triatoma,infestans
34607,Amblyomma,cajennense
251391,Amblyomma,parvum
251400,Amblyomma,triste
7227,Drosophila,melanogaster
1378113,Asthenodipsas,lasgalenensis
1435083,Loxosceles,sp.
9606,Homo,sapiens
79622,Calonectris,leucomelas
65357,Albugo,candida
157072,Aphanomyces,invadans
443821,Cerapachys,biroi
27457,Bactrocera,dorsalis
6282,Onchocerca,volvulus
691883,Fonticula,alba
71139,Eucalyptus,grandis
1291522,Helicosporidium,sp.
273567,Protea,parvula
263448,Cercopithecus,wolfi
3381,Gnetum,montanum
1503164,Cyanidiaceae,sp.
4786,Phytophthora,cryptogea
4577,Zea,mays
7091,Bombyx,mori
5854,Plasmodium,reichenowi
5643,Trametes,cinnabarina
1491612,Exocelina,patepensis
409370,Blastobotrys,adeninivorans
8022,Oncorhynchus,mykiss
36022,Cyberlindnera,fabianii
5286,Rhodotorula,toruloides
5866,Babesia,bigemina
3641,Theobroma,cacao
10029,Cricetulus,griseus
6928,Cupiennius,salei
582737,Tetraselmis,sp.
1159556,Ustilaginoidea,virens
1173701,Colletotrichum,sublineola
2711,Citrus,sinensis
180498,Jatropha,curcas
136037,Zootermopsis,nevadensis
1381984,Chorizanthe,stellulata
407941,Teratosphaeria,considenianae
1233216,Lyrurus,tetrix
1454253,Diaporthe,sp.
145453,Calliphora,stygia
49390,Coffea,canephora
6210,Echinococcus,granulosus
85433,Hymenolepis,microstoma
6211,Echinococcus,multilocularis
65343,Panstrongylus,megistus
3880,Medicago,truncatula
99158,Hammondia,hammondi
6198,Opisthorchis,viverrini
396694,Brachionus,diversicornis
1235664,Yushania,levigata
863009,Indocalamus,wilsonii
648681,Clitopilus,hobsonii
225159,Lottia,digitalis
50745,Andreaea,rothii
256688,Sporophila,bouvreuil
3436,Persea,borbonia
1458979,Micromeria,gomerensis
573971,Sternotherus,carinatus
32553,Ningaui,ridei
148094,Mesophylla,macconnelli
58530,Aegilops,sharonensis
798360,Pectinariophyes,stalii
1529384,Bacillariophycidae,sp.
1504081,Grapholitini,sp.
6551,Mytilus,trossulus
299642,Nephila,pilipes
1536671,Vulcanolepas,scotiaensis
280849,Dendrocalamus,brandisii
256677,Trioceros,werneri
181602,Kuraishia,floccosa
75038,Scatophagus,argus
1518653,Xiphydriidae,sp.
80971,Amphiprion,frenatus
1540182,Graminitigrina,bowensis
4565,Triticum,aestivum
688394,Lichtheimia,ramosa
5861,Plasmodium,yoelii
36087,Trichuris,trichiura
5949,Stylonychia,lemnae
3708,Brassica,napus
84753,Moesziomyces,antarcticus
563466,Scedosporium,apiospermum
74873,Anopheles,sinensis
68888,Trichuris,suis
50452,Arabis,alpina
9233,Aptenodytes,forsteri
3075,Auxenochlorella,protothecoides
407821,Stegodyphus,mimosarum
48698,Poecilia,formosa
7460,Apis,mellifera
1290242,Narcissus,obesus
232242,Coptotermes,gestroi
1202013,Crematogaster,acuta
257669,Apterostigma,auriculatum
1539554,Tropidomyrmex,elianae
28733,Vireo,olivaceus
263974,Bacopa,monnieri
5679,Leishmania,panamensis
7757,Petromyzon,marinus
1546358,Rubus,silvae-bohemicae
1549163,Cyclotella,sp.
216768,Rhizosolenia,imbricata
3505,Betula,pendula
34506,Strongyloides,ratti
70448,Ostreococcus,tauri
34613,Ixodes,ricinus
885580,Fukomys,damarensis
85066,Corvus,brachyrhynchos
55661,Cuculus,canorus
9244,Calypte,anna
188379,Egretta,garzetta
57412,Colius,striatus
187382,Chlamydotis,macqueenii
43455,Cathartes,aura
54380,Cariama,cristata
57068,Acanthisitta,chloris
57397,Apaloderma,vittatum
8969,Haliaeetus,albicilla
188344,Leptosomus,discolor
57421,Merops,nubicus
54374,Mesitornis,unicolor
176057,Nestor,notabilis
36300,Pelecanus,crispus
97097,Phaethon,lepturus
128390,Nipponia,nippon
30419,Opisthocomus,hoazin
8897,Chaetura,pelagica
240206,Pterocles,gutturalis
121530,Tauraco,erythrolophus
56313,Tyto,alba
37040,Gavia,stellata
118200,Picoides,pubescens
30455,Fulmarus,glacialis
54383,Eurypyga,helias
9238,Pygoscelis,adeliae
9209,Phalacrocorax,carbo
328815,Manacus,vitellinus
1391699,Pseudogymnoascus,sp.
1437433,Pseudogymnoascus,sp.
1420901,Pseudogymnoascus,sp.
1420902,Pseudogymnoascus,sp.
1420906,Pseudogymnoascus,sp.
1420907,Pseudogymnoascus,sp.
1420909,Pseudogymnoascus,sp.
1420910,Pseudogymnoascus,sp.
1420912,Pseudogymnoascus,sp.
1420911,Pseudogymnoascus,sp.
1420913,Pseudogymnoascus,sp.
1420914,Pseudogymnoascus,sp.
1420915,Pseudogymnoascus,sp.
279965,Antrostomus,carolinensis
345573,Podiceps,cristatus
6185,Schistosoma,haematobium
9555,Papio,anubis
1377883,Endoxyla,amphiplecta
337399,Erodium,reichardii
644931,Caleta,caleta
36659,Volvariella,volvacea
1553122,Atheta,procera
1561992,Pholcus,chengpoi
752690,Rhinella,henseli
1545401,Enyalius,pictus
509921,Loxops,caeruleirostris
15368,Brachypodium,distachyon
4555,Setaria,italica
1562906,Cyclograpsus,granulosus
1550645,Hypsiglena,sp.
1485682,Mitosporidium,daphniae
4909,Pichia,kudriavzevii
94827,Tinamus,guttatus
50402,Charadrius,vociferus
3659,Cucumis,sativus
1375780,Paliga,damastesalis
13053,Scaptomyza,crassifemur
118573,Derxomyces,boninensis
1390368,Takashimella,koratensis
190354,Idaea,seriata
1539863,Crataegus,macrosperma
504586,Drosophila,imparisetae
150430,Panulirus,marginatus
1530025,Pandanus,patina
330555,Capillipedium,spicigerum
227580,Pseudoxya,diminuta
1521347,Magnaporthaceae,sp.
743951,Alternaria,nitrimali
569911,Leptorchestes,berolinensis
401535,Stenodactylus,petrii
58291,Rhizopus,microsporus
1531966,Torrubiella,hemipterigena
64175,Echis,coloratus
28588,Bactrocera,cucurbitae
27334,Penicillium,expansum
40296,Penicillium,italicum
56690,Tritrichomonas,suis
179210,Encephalartos,lehmannii
78609,Gonepteryx,rhamni
1288868,Curcuma,sp.
1392596,Pseudocodon,graminifolius
71410,Farfantepenaeus,brasiliensis
1465243,Callicarpa,ampla
1473841,Erythroneura,sp.
74557,Thraustotheca,clavata
229472,Heloniopsis,tubiflora
1171431,Trematochromis,benthicola
272725,Neolamprologus,modestus
167237,uncultured,Ulvophyceae
8324,Lissotriton,vulgaris
1491545,Exocelina,sp.
35708,Arundo,donax
30085,Lygus,hesperus
5141,Neurospora,crassa
29729,Gossypium,arboreum
52586,Erysiphe,necator
61180,Oesophagostomum,dentatum
3848,Glycine,soja
6265,Toxocara,canis
1136900,Haemoproteus,sp.
1185500,Metcalfa,pruinosa
942946,Pheosia,portlandia
1538708,Teratodiplogaster,sp.
153018,Byturus,ochraceus
166911,Tanysphyrus,lemnae
1588584,Pseudomedon,obsoletus
5833,Plasmodium,falciparum
4072,Capsicum,annuum
3347,Pinus,radiata
145413,Chaetodipus,spinatus
180788,Onygena,corvina
52344,Helicoverpa,assulta
1596004,Caenestheria,sp.
1602277,Caenestheriella,cf.
256425,Lissotriton,helveticus
1028688,Arion,vulgaris
29856,Clonostachys,rosea
35722,Parasitella,parasitica
92519,Boiga,irregularis
40382,Aspergillus,ustus
51022,Ancylostoma,duodenale
669202,Thelohanellus,kitauei
1473995,Hymenoptera,sp.
1484384,Peronospora,cerastii-anomali
108931,Nilaparvata,lugens
1610658,Aslauga,aura
1610701,Cyprinus,carpio
112478,Reticulitermes,miyatakei
758697,Reevesia,formosana
1614669,Bracon,sp.
1245769,Lachancea,lanzarotensis
123851,Ladona,fulva
91626,Mucor,ambiguus
1603295,fungal,sp.
64838,Fopius,arisanus
56998,Wollemia,nobilis
1016849,Exophiala,sideris
212818,Exophiala,mesophila
253628,Verruconis,gallopava
91928,Exophiala,spinifera
569365,Cladophialophora,immunda
215243,Exophiala,oligosperma
348802,Exophiala,xenobiotica
5601,Phialophora,americana
145388,Monoraphidium,neglectum
29730,Gossypium,raimondii
65489,Oryza,barthii
1432732,Crisularia,purpurotincta
457184,Persicaria,maculosa
53104,Paphiopedilum,niveum
375434,Leptodactylus,fallax
1571500,Darksidea,alpha
97321,Prunus,serrulata
3349,Pinus,sylvestris
3634,Gossypium,barbadense
162100,Peronospora,boni-henrici
226208,Salvia,miltiorrhiza
5005,Sporidiobolus,salmonicolor
56994,Araucaria,cunninghamii
29172,Dictyocaulus,viviparus
5857,Plasmodium,fragile
60711,Chlorocebus,sabaeus
77586,Leersia,perrieri
40148,Oryza,glumipatula
40149,Oryza,meridionalis
4536,Oryza,nivara
4537,Oryza,punctata
4529,Oryza,rufipogon
34284,Gossypium,turneri
53621,Tevnia,jerichonana
862701,Sorex,bedfordiae
354484,Acronychia,laevis
133488,Picochlorum,maculatum
1641711,Ulva,sp.
27389,Aporrectodea,rosea
1642393,Bairdiella,cf.
4097,Nicotiana,tabacum
5855,Plasmodium,vivax
7936,Anguilla,anguilla
1047168,Zymoseptoria,brevis
72032,Thielaviopsis,punctulata
54126,Pristionchus,pacificus
34513,Terebratalia,transversa
53078,Paphiopedilum,concolor
1636186,Nectria,dacryocarpa
1643448,Hemidactylus,adensis
1606861,Etisus,laevimanus
433907,Sporobolus,pyramidatus
62621,Lepus,timidus
1620192,Setaria,macrosperma
61387,Prionailurus,rubiginosus
49012,Sporisorium,scitamineum
5421,Xanthophyllomyces,dendrorhous
104259,Penicillium,brasilianum
8729,Crotalus,adamanteus
215358,Larimichthys,crocea
88771,Ceratocystis,platani
308745,Aspergillus,rambellii
138278,Aspergillus,ochraceoroseus
5544,Trichoderma,harzianum
158046,Phaeomoniella,chlamydospora
420778,Diplodia,seriata
1214573,Diaporthe,ampelina
10116,Rattus,norvegicus
7955,Danio,rerio
1439716,Niviventer,sp.
1548250,Chelator,sp.
86979,Xerophyllum,tenax
48975,Mesophyllum,erubescens
1034350,Jania,sagittata
1663161,Ceratosolen,sp.
9823,Sus,scrofa
1657136,Polymerus,diffusus
1656466,Erythroneura,ontari
1656625,Macropsis,basalis
23250,Francoa,sonchifolia
37360,Plasmodiophora,brassicae
100787,Verticillium,longisporum
27342,Schizopora,paradoxa
45130,Bipolaris,sorokiniana
52575,Phrynosoma,ditmarsi
140083,Kikihia,ochrina
118696,Nicotiana,forgetiana
1675117,Geometridae,sp.
235777,Orophea,creaghii
1679842,Zanthoxylum,sp.
76967,Glycosmis,pentaphylla
497606,Goniothalamus,cheliensis
462830,Ficus,hispida
1680283,Polyura,sp.
508478,Plethodontohyla,bipunctata
69293,Gasterosteus,aculeatus
4903,Cyberlindnera,jadinii
70186,Spongospora,subterranea
6279,Brugia,malayi
5127,Fusarium,fujikuroi
879819,Cutaneotrichosporon,oleaginosus
67767,Lasius,niger
7240,Drosophila,simulans
1173061,Geotrichum,candidum
6313,Angiostrongylus,cantonensis
6248,Strongyloides,stercoralis
75913,Strongyloides,venezuelensis
312069,Scotophilus,viridis
1640240,Polybranchia,cf.
47083,Melilotus,officinalis
53854,Chamaecrista,fasciculata
348901,Cercospora,zeina
1278899,Metarhizium,pinghaense
1678387,Hipparchia,hermione
336582,Alopecosa,aculeata
1687897,Phenopelopidae,sp.
1251236,Eupodidae,sp.
1698368,Ancherythroculter,lini
265140,Penstemon,gracilis
1690103,Goodenia,filiformis
1643782,Chaetodon,melapterus
1680683,Valsaria,spartii
88764,Conus,episcopatus
72036,Lepeophtheirus,salmonis
6239,Caenorhabditis,elegans
456999,Rhizoctonia,solani
91492,Aspergillus,udagawae
35024,Crotalus,horridus
304241,Tabanus,bromius
65032,Epiphyas,postvittana
174628,Bactrocera,latifrons
29655,Zostera,marina
3562,Spinacia,oleracea
7375,Lucilia,cuprina
498019,[Candida],auris
183478,Stemphylium,lycopersici
1314962,Perkinsela,sp.
27349,Puccinia,sorghi
1306850,Termitomyces,sp.
104452,Operophtera,brumata
597456,Habropoda,laboriosa
37653,Octopus,bimaculoides
1080349,Saccharomyces,eubayanus
252598,Saccharomyces,sp.
268505,Ophiocordyceps,unilateralis
3914,Vigna,angularis
1460289,Chrysochromulina,sp.
6252,Ascaris,lumbricoides
6269,Anisakis,simplex
134758,Eurycea,bislineata
1579477,Alternaria,aff.
1647063,Thysanoptera,sp.
1668716,Ichneumonidae,sp.
1252599,Ichneumonidae,sp.
1667780,Cryptinae,sp.
1304513,Adelognathus,sp.
1681339,Bucculatrix,sp.
30019,Drosophila,busckii
43215,Ramularia,endophylla
1668986,Mymaridae,sp.
1666554,Epinotia,cruciana
1690876,Dicyrtomina,sp.
1405145,Pityohyphantes,cristatus
1659975,Scotinella,madisonia
1107827,Pocadicnemis,americana
8153,Haplochromis,burtoni
1708897,Atelostegus,thrinax
1623238,Calliteara,grotei
1711715,Phlebotomus,sp.
3483,Cannabis,sativa
1104371,Uperoleia,lithomoda
1706531,Aroa,discalis
1108128,Bathyphantes,canadensis
81834,Enoplognatha,ovata
378079,Phausis,reticulata
4073,Capsicum,frutescens
150374,Escovopsis,weberi
229535,Penicillium,nordicum
166423,Melipona,quadrifasciata
179993,Fusarium,langsethiae
157538,Leptomonas,pyrrhocoris
77020,Malassezia,pachydermatis
5684,Leptomonas,seymouri
66420,Papilio,xuthus
76193,Papilio,machaon
1664694,Phialophora,attae
6280,Brugia,pahangi
318479,Dracunculus,medinensis
51028,Enterobius,vermicularis
6290,Haemonchus,placei
27835,Nippostrongylus,brasiliensis
131310,Parastrongyloides,trichosuri
451379,Syphacia,muris
174720,Strongyloides,papillosus
103827,Thelazia,callipaeda
70415,Trichuris,muris
74434,Ostrea,denselamellosa
1721501,Cecidomyiidae,sp.
1693811,Chrysops,sp.
1693229,Cecidomyiidae,sp.
1654605,Lachancea,quebecensis
72488,Rhodnius,neglectus
85551,Scylla,olivacea
35525,Daphnia,magna
7159,Aedes,aegypti
10181,Heterocephalus,glaber
113540,Scleropages,formosus
7217,Drosophila,ananassae
1721392,Cecidomyiidae,sp.
1690840,Bourletiellidae,sp.
1474250,Aleyrodidae,sp.
45055,Taeniothrips,inconsequens
1694350,Phoridae,sp.
336683,Misumenoides,formosipes
1728102,Cecidomyiidae,sp.
1693515,Ceratopogonidae,sp.
189560,Selaginella,landii
1732171,Placidochromis,longimanus
1721600,Cecidomyiidae,sp.
1473726,Philygria,obtecta
228917,Ochlerotatus,canadensis
1694049,Hylemya,sp.
1677226,Anthomyiidae,sp.
1694032,Hybotidae,sp.
1213454,Ichnanthus,calvescens
367679,Sanguirana,luzonensis
46481,Aerodramus,maximus
9940,Ovis,aries
4691,Lilium,speciosum
298881,Gerbillus,nanus
4781,Plasmopara,halstedii
401625,Ceraceosorus,bombacis
78410,Neonectria,ditissima
12930,Amazona,aestiva
7220,Drosophila,erecta
7244,Drosophila,virilis
7260,Drosophila,willistoni
7230,Drosophila,mojavensis
3847,Glycine,max
146866,Pseudoloma,neurophilia
7245,Drosophila,yakuba
334426,Angiostrongylus,costaricensis
42155,Brugia,timori
1147741,Elaeophora,elaphi
6216,Hymenolepis,diminuta
102285,Hymenolepis,nana
53468,Mesocestoides,corti
60517,Taenia,asiatica
6205,Hydatigera,taeniaeformis
84614,Cyrtomium,falcatum
6689,Litopenaeus,vannamei
1660684,Scoparia,manifestella
2872,Costaria,costata
1085096,Merrilliodendron,megacarpum
1197917,Garrya,flavescens
1721615,Cecidomyiidae,sp.
1710215,Staphylinidae,sp.
1741592,Dixidae,sp.
1693630,Chironomidae,sp.
1740937,Rachispoda,atra
1291960,Spilogona,sororcula
486222,Opsariichthys,evolans
1472221,Cynoglossus,arel
1745576,Terepsalta,infans
1743240,Cryptotis,mam
1747705,Stipa,lipskyi
5850,Plasmodium,knowlesi
1740171,Megascops,marshalli
544549,uncultured,marine
7038,Bemisia,tabaci
264121,Sarsia,tubulosa
47781,Carteria,crucifera
51712,Stephanosphaera,pluvialis
210448,Fragilaria,crotonensis
1756214,Cabassous,tatouay
182415,Ostericum,grosseserratum
5858,Plasmodium,malariae
1725959,Cecidomyiidae,sp.
1692871,Cecidomyiidae,sp.
48850,Tamandua,tetradactyla
1759690,Grallaria,flavotincta
188299,Erythranthe,cardinalis
9749,Delphinapterus,leucas
1694622,Psychodidae,sp.
1492617,Mycetophilidae,sp.
169445,Dryomyza,anilis
113150,Chaetosa,punctipes
1750024,Mycetophilidae,sp.
1474022,Sciaridae,sp.
1692756,Campsicnemus,sp.
306554,Colletotrichum,nymphaeae
75058,Bodo,saltans
293939,Aspergillus,lentulus
188132,Poeciliopsis,prolifica
1629725,Oryctes,borbonicus
28573,Talaromyces,islandicus
1550065,Siniperca,chuatsi
39384,Temnopleurus,hardwickii
616205,Polyrhachis,gab
142759,Solanum,cheesmaniae
53164,Lamium,purpureum
105884,Lonicera,japonica
109923,Genicanthus,melanospilos
1719167,Styloperla,sp.
1112727,Metanarthecium,luteoviride
757355,Cimex,hemipterus
1234273,Tachysurus,fulvidraco
42676,Fusarium,sacchari
406672,Opisthoplatia,orientalis
482428,Oenothera,glazioviana
172790,Solanum,phureja
128810,Saccharum,hybrid
1774284,Aspergillus,oerlinghausenensis
13085,Heteronotia,binoei
450142,Pleocnemia,winitii
225404,Marmosops,incanus
454130,Aspergillus,calidoustus
423290,Ditaxis,guatemalensis
117187,Fusarium,verticillioides
10141,Cavia,porcellus
3175,Klebsormidium,flaccidum
4108,Solanum,chacoense
266149,Pseudocohnilembus,persalinus
6336,Trichinella,nelsoni
144512,Trichinella,murrelli
181606,Trichinella,sp.
92179,Trichinella,sp.
6337,Trichinella,pseudospiralis
990121,Trichinella,patagoniensis
6334,Trichinella,spiralis
45882,Trichinella,britovi
268475,Trichinella,zimbabwensis
6335,Trichinella,nativa
268474,Trichinella,papuae
92180,Trichinella,sp.
58627,Debaryomyces,fabryi
5478,[Candida],glabrata
221103,Moniliophthora,roreri
398673,Trichoderma,gamsii
4790,Phytophthora,nicotianae
70667,Schistocephalus,solidus
490540,Leporinus,fasciatus
249398,Fusarium,commune
61235,Fusarium,equiseti
119957,Alternaria,chartarum
469755,Culicoides,brevipalpis
469747,Culicoides,actoni
109786,Trimeresurus,popeiorum
260692,Oenothera,suffrutescens
133204,Prunus,virginiana
5821,Plasmodium,berghei
48697,Penicillium,freii
1305733,Rhodotorula,sp.
45286,Eremothecium,sinecaudum
5061,Aspergillus,niger
74825,Pachysandra,terminalis
330435,Euastacus,diversus
1326904,Arthropteris,tenella
1496328,Epeorus,sp.
1675507,Haplothrips,tenuipennis
323662,Dioscorea,buchananii
1682444,Lybaeba,sp.
1796580,Staphylinidae,sp.
130138,Lophophora,williamsii
13351,Austrobaileya,scandens
45834,Solanum,dulcamara
49992,Thymus,vulgaris
3467,Eschscholzia,californica
51387,Xeronema,callistemon
73154,Vernicia,fordii
257692,Hyalomma,excavatum
34631,Rhipicephalus,appendiculatus
52283,Sarcoptes,scabiei
149040,Phialocephala,scopiformis
5078,Penicillium,griseofulvum
1209931,Colletotrichum,salicis
703756,Colletotrichum,simmondsii
196109,Microdochium,bolleyi
1714833,Leucoagaricus,sp.
321146,Mycosphaerella,eumusae
113226,Pseudocercospora,musae
7070,Tribolium,castaneum
501957,Acraea,pharsalus
1495445,Sakaguchia,oryzae
1805947,Vischeria,sp.
1286644,Cymbidium,macrorhizon
316732,Vernicia,montana
1799141,Xylariomycetidae,sp.
95512,Anastrepha,obliqua
246437,Tupaia,chinensis
1809525,Brachypodella,morini
1804728,Melanaspis,glomerata
10090,Mus,musculus
37003,Kryptolebias,marmoratus
1759826,Collembola,sp.
1691123,Orchesella,sp.
1760444,Sarcoptiformes,sp.
1708402,Trhypochthonius,cladonicolus
1687329,Digamasellidae,sp.
1710038,Melanophthalma,sp.
202215,Strophosoma,melanogrammum
1775306,Sinopotamon,davidi
1245324,Hilaria,rigida
463605,Fejervarya,granosa
1415922,Limonius,aeger
1814473,Deleatidium,sp.
687599,Polystachya,campyloglossa
113342,Melitaea,phoebe
884673,Loxodon,macrorhinus
1820310,Eriochrysis,cf.
59764,Marsilea,vestita
7719,Ciona,intestinalis
395314,Salix,glauca
77069,Salix,triandra
1069201,Aspergillus,luchuensis
658473,Mycena,chlorophos
1076344,Trepomonas,sp.
8078,Fundulus,heteroclitus
360319,Carios,mimon
33097,Gonium,pectorale
98403,Drechmeria,coniospora
520822,Atta,colombica
456900,Cyphomyrmex,costatus
471704,Trachymyrmex,cornetzi
34720,Trachymyrmex,septentrionalis
647221,Plasmodium,gaboni
8496,Alligator,mississippiensis
3821,Cajanus,cajan
39966,Hypsizygus,marmoreus
64791,Trachymyrmex,zeteki
361077,Dictyostelium,lacteum
178035,Dufourea,novaeangliae
12957,Atta,cephalotes
1772741,Cecidomyiidae,sp.
1772548,Cecidomyiidae,sp.
1105574,Chironomidae,sp.
1743566,Chironomidae,sp.
1692398,Limnophyes,schnelli
1784097,Sciaridae,sp.
1772383,Cecidomyiidae,sp.
1728084,Cecidomyiidae,sp.
1782020,Cecidomyiidae,sp.
1781695,Cecidomyiidae,sp.
1727264,Metriocnemus,sp.
1712789,Heptagenia,sp.
1897945,Amphinemura,sp.
1781779,Cecidomyiidae,sp.
1800545,Leptasis,sp.
1693608,Chironomidae,sp.
1808266,Thripidae,sp.
1823100,Limnophila,sp.
27459,Chrysops,vittatus
1744499,Dicranomyia,sp.
1694120,Melanostoma,sp.
1822662,Asteia,sp.
1832391,Dinotrema,sp.
1667486,Crypteffigies,confusus
1044612,Orthocentrus,sp.
1832750,Ichneumon,sp.
1832932,Ichneumoninae,sp.
1821163,Hypseleotris,guentheri
1881792,Sciaridae,sp.
1887023,Rhamphomyia,sp.
1838390,Anthomyiidae,sp.
93612,Setosphaeria,turcica
118781,Populus,tomentosa
1692768,Cecidomyiidae,sp.
1801529,Trimorus,sp.
796027,Sugiyamaella,lignohabitans
703225,Toxicocalamus,loriae
1840478,Costatrichia,fluminensis
708197,Colletotrichum,tofieldiae
5076,Penicillium,chrysogenum
1573173,Colletotrichum,incanum
1784133,Sciaridae,sp.
5454,Ascochyta,rabiei
1782188,Cecidomyiidae,sp.
4829,Absidia,glauca
1693643,Chironomidae,sp.
1692975,Cecidomyiidae,sp.
1801492,Trichogrammatidae,sp.
157794,Lithocarpus,glaber
1818124,Ulvellaceae,sp.
1832004,Diapriidae,sp.
1831669,Cryptinae,sp.
136983,Xerophyta,retinervis
362374,Iochroma,umbellatum
1314672,Peniophora,sp.
436010,Fibulorhizoctonia,sp.
1830227,Acnistus,arborescens
1838037,Diaporthe,sp.
1836435,Aechmea,patentissima
63629,Oryza,minuta
1897154,Agulla,sp.
128180,Sphagnum,aongstroemii
81808,Sphagnum,recurvum
1888087,Mycetophilinae,sp.
1846935,Empididae,sp.
1845980,Staphylinidae,sp.
1847392,Acleris,sp.
1709640,Dalopius,pallidus
565009,Hyla,orientalis
696354,Hypocrella,siamensis
5759,Entamoeba,histolytica
100816,Madurella,mycetomatis
655981,Pseudogymnoascus,destructans
1819745,Intoshia,linei
1460663,Paraphaeosphaeria,sporulosa
5599,Alternaria,alternata
1805483,Nematocida,displodere
254056,Fonsecaea,monophora
13290,Tilletia,caries
43049,Tilletia,indica
13291,Tilletia,controversa
117179,Tilletia,walkeri
765868,Stagonospora,sp.
979981,Fonsecaea,multimorphosa
856822,Fonsecaea,nubica
765867,Pyrenochaeta,sp.
5551,Trichophyton,rubrum
34388,Trichophyton,violaceum
3702,Arabidopsis,thaliana
1367422,Fonsecaea,erecta
33203,Purpureocillium,lilacinum
1105325,Cordyceps,confragosa
42157,Onchocerca,ochengi
7167,Anopheles,albimanus
7173,Anopheles,arabiensis
41427,Anopheles,atroparvus
43041,Anopheles,christyi
1518534,Anopheles,coluzzii
139723,Anopheles,culicifacies
7168,Anopheles,dirus
199890,Anopheles,epiroticus
69004,Anopheles,farauti
62324,Anopheles,funestus
74869,Anopheles,maculatus
34690,Anopheles,melas
30066,Anopheles,merus
112268,Anopheles,minimus
34691,Anopheles,quadriannulatus
30069,Anopheles,stephensi
6526,Biomphalaria,glabrata
27848,Echinostoma,caproni
36090,Globodera,pallida
637853,Gongylonema,pulchrum
387005,Onchocerca,flexuosa
241478,Soboliphyme,baturini
6186,Schistosoma,curassoni
48269,Schistosoma,margrebowiei
31246,Schistosoma,mattheei
6188,Schistosoma,rodhaini
157069,Trichobilharzia,regenti
6293,Wuchereria,bancrofti
292158,Pseudomyrmex,filiformis
1661355,Tyspanodes,striata
4718,Nypa,fruticans
33101,Cosmarium,botrytis
104537,Roya,obtusa
688040,Couepia,caryophylloides
692130,Neocarya,macrophylla
1859534,Nebria,sp.
1545751,Eutropis,novemcarinata
1881751,Cecidomyiidae,sp.
1862640,Erythroxylum,novogranatense
1712417,Stygiella,incarcerata
1074823,Nearctaphis,bakeri
1863709,Craspedolepta,sp.
173852,Urochloa,reptans
36188,Chionodraco,hamatus
105487,Valsa,mali
4558,Sorghum,bicolor
3983,Manihot,esculenta
4615,Ananas,comosus
56216,Neotoma,lepida
5580,Aureobasidium,pullulans
60296,Aphyosemion,striatum
105023,Nothobranchius,furzeri
1051664,Nothobranchius,kadleci
1143690,Nothobranchius,korthausae
321403,Nothobranchius,kuhntae
704102,Nothobranchius,pienaari
451742,Nothobranchius,rachovii
7395,Glossina,austeni
37001,Glossina,brevipalpis
7398,Glossina,pallidipes
7200,Lutzomyia,longipalpis
29031,Phlebotomus,papatasi
30327,Anaxyrus,canorus
1550478,Plectorhinchus,goldmanni
1606441,Diospyros,sp.
126323,Pteronotropis,euryzonus
1859884,Harpacticoida,sp.
4694,Medeola,virginiana
59025,Burchardia,umbellata
476440,Pseudo-nitzschia,granii
1859646,Achroiostachys,humicola
1859978,Parvothecium,terrestre
588596,Rhizophagus,irregularis
616968,Rubus,rufus
1872688,Chimonocalamus,sp.
753147,Adscita,statices
1594375,Nemapogon,wolffiella
43166,Citrus,aurantium
1240007,Scutiger,ningshanensis
1735905,Silis,sp.
1542188,Pleocoma,australis
742084,Pareuptychia,binocula
1875190,Atopsyche,acahuana
1878722,Trichoptera,sp.
32117,Gymnocarpium,oyamense
171226,Enkianthus,chinensis
4922,Komagataella,pastoris
1887191,Eukiefferiella,sp.
1887589,Phyllocnistis,sp.
56364,Agrotis,ipsilon
943753,Scythris,noricella
1888780,Pelochrista,sp.
572747,Ectropis,crepuscularia
1887739,Diadegma,sp.
1887779,Euura,sp.
1881784,Pegomya,sp.
1889048,Trochila,craterium
1881804,Lasius,sp.
1887687,Aphelinus,sp.
1887940,Trioxys,sp.
704184,Ephedrus,incompletus
1887674,Aleiodes,sp.
1887682,Apanteles,sp.
1881769,Gonatocerus,sp.
1887885,Praon,sp.
1828790,Orthocladius,olivaceus
1881763,Dolichopodidae,sp.
1720822,Cerodontha,biseta
9915,Bos,indicus
219539,Scaeva,pyrastri
9902,Bison,bonasus
61092,Crocidura,lepidura
1881797,Telenomus,sp.
1260869,Scatopsciara,atomaria
1887190,Einfeldia,sp.
1887684,Aperileptus,sp.
1886968,Keroplatidae,sp.
1886996,Milichiidae,sp.
573841,Sordaria,araneosa
1806630,Caloptilia,cf.
373177,Branchiostoma,japonicum
37347,Tupaia,belangeri
38151,Clastoptera,arizonana
1464854,Cuerna,arida
320908,Homalodisca,liturata
36148,Graphocephala,atropunctata
1658172,Emmonsia,sp.
460523,Ogataea,polymorpha
36050,Fusarium,poae
1622147,Pseudogymnoascus,sp.
1622150,Pseudogymnoascus,sp.
1524831,Pseudogymnoascus,sp.
1622149,Pseudogymnoascus,sp.
1622148,Pseudogymnoascus,sp.
342668,Pseudogymnoascus,verrucosus
8364,Xenopus,tropicalis
86049,Cladophialophora,carrionii
158607,Diaporthe,helianthi
36330,Plasmodium,ovale
191923,Haematoxylum,brasiletto
5627,Grifola,frondosa
101091,Choanephora,cucurbitarum
196064,Calonectria,pseudonaviculata
7957,Carassius,auratus
301681,Pyropteron,triannuliforme
110510,Rhodochaete,parvula
1887117,Parakiefferiella,sp.
1888799,Tineidae,sp.
1881743,Alysiinae,sp.
1881783,Orthocladiinae,sp.
1291955,Spilogona,pacifica
1887804,Ichneumoninae,sp.
1895159,Spilomena,troglodytes
397147,Mycetophila,fungorum
1380089,Ummidia,algeriana
1470420,Chrysoglossum,ornatum
1898841,Parasenecio,delphiniphyllus
1899216,Asaccus,gardneri
1887212,Forcipomyia,sp.
1899179,Phyllanthus,engleri
1881761,Dasyhelea,sp.
1881780,Mycetophilidae,sp.
1887729,Ctenopelmatinae,sp.
1250596,Euura,vaga
1881782,Orthocentrinae,sp.
1887786,Formica,sp.
1250602,Tenthredo,stricklandi
1887744,Dinotrema,sp.
1887947,Tymmophorus,sp.
233159,Cameraria,guttifinitella
1708225,Acacia,ampliata
1120453,Acacia,hemiteles
947166,Ramazzottius,varieornatus
1678845,Anthurium,amnicola
121759,Paracoccidioides,brasiliensis
48709,Orchesella,cincta
88456,Cyclospora,cayetanensis
9031,Gallus,gallus
9544,Macaca,mulatta
1745304,Chiltoniidae,sp.
4424,Brasenia,schreberi
349246,Nymphaea,jamesoniana
38893,Anolis,distichus
490347,Leptobrachium,huashen
53485,Pyrenophora,teres
4952,Yarrowia,lipolytica
1908628,Hypoleria,xenophis
1712136,Strobilomyces,aff.
1712121,Afroboletus,pterosporus
1712130,Strobilomyces,sp.
643342,Osteobrama,feae
6326,Bursaphelenchus,xylophilus
110107,Limnonectes,kuhlii
5670,Leishmania,guyanensis
914237,Rhynchosporium,commune
914238,Rhynchosporium,agropyri
38038,Rhynchosporium,secalis
13191,Pectinophora,gossypiella
187763,Amblyomma,aureolatum
1581419,Amblyomma,sculptum
573508,Aspergillus,cristatus
29833,Hanseniaspora,uvarum
211096,Hanseniaspora,opuntiae
56408,Hanseniaspora,osmophila
888268,Dichanthelium,oligosanthes
1835702,Penicillium,arizonense
109264,Aspergillus,bombycis
1209926,Colletotrichum,orchidophilum
5694,Trypanosoma,equiperdum
1230905,Lachancea,mirantina
4955,Lachancea,fermentati
1653392,Liagoropsis,maxima
1561998,Caenorhabditis,tropicalis
7209,Loa,loa
37862,Heterorhabditis,bacteriophora
37863,Steinernema,glaseri
6305,Meloidogyne,hapla
114890,Rhabditophanes,sp.
282301,Macrostomum,lignano
7370,Musca,domestica
35570,Stomoxys,calcitrans
1654949,Matilda,australia
1885044,Diplazium,macrodictyon
1899312,Ptychadena,submascareniensis
38540,Ananthacorus,angustifolius
1873294,Ramularia,neodeusta
1913421,Araneae,sp.
241290,Halichoeres,argus
78263,Abies,mariesii
66012,Chloris,truncata
486855,Alloteropsis,paniculata
5691,Trypanosoma,brucei
5849,Plasmodium,gallinaceum
85471,Plasmodium,relictum
568069,Clunio,marinus
107243,Noccaea,caerulescens
1144522,Tritrichomonas,foetus
117008,Cryptosporidium,andersoni
1866961,Amphiamblys,sp.
49451,Nicotiana,attenuata
3871,Lupinus,angustifolius
180088,Rhizopogon,vesiculosus
1658174,Blastomyces,percursus
236234,Diplodia,corticola
307758,Ustilago,bromivora
56406,Hanseniaspora,guilliermondii
45354,[Candida],intermedia
1342085,Phyllobius,brenskei
119992,Aletris,spicata
6204,Taenia,solium
1003209,Maxomys,moi
219545,Ameiurus,melas
1920238,Bolocera,sp.
9736,Stenella,longirostris
608549,Pseudostenapion,simum
162306,Picea,asperata
3711,Brassica,rapa
1390105,Altica,engstroemi
10185,Castor,fiber
1927290,Stigmella,sp.
1858078,Stigmella,plagicolella
382144,Yucca,queretaroensis
1043716,Ulmus,macrocarpa
201910,Eusomus,ovulum
221256,Paris,luquanensis
1926128,Gnophodes,nr.
166741,Chaenogobius,annularis
1846220,Ringicula,doliaris
948311,Fusarium,proliferatum
192010,Fusarium,mangiferae
576137,Phialocephala,subalpina
330878,Nyssomyia,neivai
7368,Haematobia,irritans
8355,Xenopus,laevis
154538,Trametes,pubescens
197054,Candida,galli
378713,Bletia,riparia
313638,Theodoxus,danubialis
5888,Paramecium,tetraurelia
110866,Lysimachia,atropurpurea
361061,Guaiagorgia,sp.
209010,Dianemobius,nigrofasciatus
92438,Bungarus,candidus
70976,Medicago,shepardii
148067,Micronycteris,minuta
4120,Ipomoea,batatas
5722,Trichomonas,vaginalis
320580,Siphonops,paulensis
5661,Leishmania,donovani
291264,Rhyacotriton,variegatus
9913,Bos,taurus
50429,Stylophora,pistillata
158159,Setaria,palmifolia
351462,Moacroton,trigonocarpus
5660,Leishmania,braziliensis
5671,Leishmania,infantum
30331,Bufo,gargarizans
388477,Marsilea,gibba
31033,Takifugu,rubripes
571338,Macrochelys,temminckii
109178,Pelophylax,plancyi
206100,Capros,aper
7739,Branchiostoma,floridae
436418,Eresia,lansdorfi
29760,Vitis,vinifera
59970,Aegiceras,corniculatum
4568,Triticum,monococcum
44664,Sitobion,avenae
309941,Bombus,affinis
52904,Scophthalmus,maximus
418297,Strobilomyces,mirandus
44608,Verpa,conica
3988,Ricinus,communis
140564,Ornithodoros,parkeri
419240,Ceratosolen,sp.
34116,Pleurastrum,terricola
256737,Latrodectus,hesperus
376549,Pristionchus,americanus
452808,Pristionchus,sp.
5865,Babesia,bovis
29158,Mytilus,galloprovincialis
219177,Pedioplanis,inornata
262121,Gymnophaps,albertisii
8305,Ambystoma,tigrinum
45351,Nematostella,vectensis
7165,Anopheles,gambiae
38889,Anolis,cristatellus
35717,Epichloe,festucae
433723,Adineta,sp.
468596,Pygolabis,weeliwolli
6549,Mytilus,californianus
3055,Chlamydomonas,reinhardtii
45339,Kalanchoe,blossfeldiana
1431682,Leptodeira,polysticta
149982,Lefua,echigonia
451406,Lamprotornis,purpureus
53992,Cylicocyclus,nassatus
6238,Caenorhabditis,briggsae
464988,Hemiselmis,andersenii
141832,Pomphorhynchus,laevis
3332,Picea,sitchensis
248868,Phyllomedusa,tomopterna
3694,Populus,trichocarpa
44322,[Candida],cylindracea
28494,Trachelium,caeruleum
8313,Amphiuma,tridactylum
3218,Physcomitrella,patens
81824,Monosiga,brevicollis
37629,Gyrodactylus,salaris
304747,Cortinarius,elegantissimus
29663,Brachypodium,pinnatum
4837,Phycomyces,blakesleeanus
175245,uncultured,fungus
442583,Mammelomys,lanosus
7176,Culex,quinquefasciatus
280810,Aneura,mirabilis
220689,Caragana,korshinskii
39717,Paulinella,chromatophora
357692,Chlorophonia,occipitalis
480598,Schoenlandella,sp.
489353,Uvariastrum,pierreanum
270388,Moelleriella,phyllogena
510187,Manihot,epruinosa
105427,Xenopus,muelleri
350572,Amyema,quaternifolium
592668,Tiaris,olivaceus
55995,Oedogonium,cardiacum
62171,Chlorospingus,pileatus
3860,Lathyrus,sativus
413681,Bulla,striata
437756,Sarcocheilichthys,czerskii
10228,Trichoplax,adhaerens
110520,Balanus,glandula
7234,Drosophila,persimilis
7238,Drosophila,sechellia
7222,Drosophila,grimshawi
509297,Antipoda,atralba
542998,Schinia,pulchripennis
9925,Capra,hircus
64108,Zeus,faber
8030,Salmo,salar
5741,Giardia,intestinalis
153587,Ancylus,fluviatilis
515357,Leptochiton,alascensis
8843,Anser,anser
560789,Ula,elegans
35128,Thalassiosira,pseudonana
40366,Drosophila,americana
43151,Anopheles,darlingi
560820,Paranapiacaba,significata
59729,Taeniopygia,guttata
4102,Petunia,x
470677,Tessellana,nigrosignata
58833,Didymoglossum,membranaceum
54137,Trachypithecus,vetulus
135651,Caenorhabditis,brenneri
163863,Phylloscopus,trivirgatus
328285,Cosmarium,laeve
6945,Ixodes,scapularis
91907,Chamaeleo,chamaeleon
27794,Dermochelys,coriacea
75515,Chrysolina,femoralis
245705,Rhinecanthus,aculeatus
392911,Brachaluteres,ulvarum
359664,Ganoderma,tenue
8389,Anaxyrus,americanus
99038,Glebionis,coronaria
8590,Coluber,constrictor
63418,Trichophyton,equinum
511816,Halimeda,sp.
54180,Trachypithecus,francoisi
70927,Cacajao,rubicundus
657341,Racomitrium,ericoides
57577,Trifolium,pratense
584996,Hipposideros,gigas
88123,Prunus,salicina
291360,Oryzias,dancena
8010,Esox,lucius
344056,Caligus,clemensi
296587,Micromonas,commoda
225403,Monodelphis,theresa
622366,Amblypharyngodon,chakaiensis
76336,Nicotiana,repanda
392300,Histiona,aroides
71622,Pinus,albicaulis
575812,Dichomma,dardanum
593846,Parahelops,sp.
6183,Schistosoma,mansoni
7029,Acyrthosiphon,pisum
237415,Arachnothera,longirostra
173375,Trentepohlia,arborum
161913,Pomacentrus,brachialis
94889,Lampropeltis,pyromelana
9556,Papio,cynocephalus
516790,Euglossa,retroviridis
60202,Chrysomyxa,arctostaphyli
33790,Channa,gachua
13616,Monodelphis,domestica
552651,Gagea,fistulosa
8084,Xiphophorus,hellerii
3469,Papaver,somniferum
591273,Notarius,lentiginosus
10195,Brachionus,plicatilis
360226,Capsiempis,flaveola
472807,Eriocnemis,vestita
650642,Microcaecilia,sp.
662672,Halichondria,sp.
59560,Phallusia,mammillata
28377,Anolis,carolinensis
608804,Chiloscyphus,trichocoleoides
643868,Sulcospira,infracostata
7229,Drosophila,miranda
682600,Attalea,brasiliensis
671166,Trogulocratus,sinuosus
316457,Ctenotus,taeniolatus
244977,Hexagenia,limbata
61384,Lynx,rufus
5699,Trypanosoma,vivax
7226,Drosophila,mauritiana
391219,Coloconger,cadenati
5486,Candida,viswanathii
158606,Trametes,sanguinea
582823,Jodis,albifusa
185780,Verbena,rigida
9646,Ailuropoda,melanoleuca
59766,Sceloporus,dugesii
205123,Channa,marulius
38945,Flammulina,velutipes
194366,Culter,alburnus
29150,Scomber,australasicus
7764,Eptatretus,burgeri
228687,Neurospora,sp.
5762,Naegleria,gruberi
665816,Kradibia,sp.
36272,Horornis,diphone
1789588,Gloridonus,orthus
498707,Phytomyza,thalictrella
622596,Fejervarya,sp.
13642,Polysphondylium,pallidum
5067,Aspergillus,parasiticus
432391,Microrasbora,erythromicron
97517,Eucypris,virens
45367,Sporochnus,comosus
586627,Nebalia,sp.
184593,Microlophus,albemarlensis
177960,Ecnomus,tenellus
153459,Lepidium,apetalum
4378,Dillenia,indica
4432,Nelumbo,nucifera
50174,Ximenia,americana
473043,Ficus,sp.
710040,Ceratina,(Calloceratina)
140628,Racomitrium,lanuginosum
66205,Acer,campestre
704378,Simopteryx,sp.
1100091,Paramacna,sp.
377425,Pterostichus,taoi
378695,Passiflora,leptoclada
8175,Sparus,aurata
735379,Achaea,sp.
735357,Achaeta,affinis
129210,Dendroligotrichum,squamosum
23211,Pyrus,communis
3572,Saponaria,officinalis
178003,Gammarus,salinus
190303,Campylorhamphus,trochilirostris
613161,Craterocephalus,fluviatilis
397618,Lachnum,ciliare
2880,Ectocarpus,siliculosus
1310125,Microcebus,sp.
526956,Buccochromis,heterotaenia
445512,Labidochromis,gigas
12968,Blastocystis,hominis
88036,Selaginella,moellendorffii
449223,Hypodactylus,brunneus
689111,Xanthotype,sospeta
65071,Pythium,ultimum
72084,Sebastes,maliger
837220,Lepidoptera,sp.
836466,Lepidoptera,sp.
836605,Lepidoptera,sp.
505425,Rhodostrophia,vibicaria
848176,Lepidoptera,sp.
835596,Lepidoptera,sp.
43325,Euryzygomatomys,spinosus
52650,Lagopus,lagopus
797371,Caenacis,lauta
1027307,Camponotus,sp.
159423,Passiflora,elegans
296555,Sarotherodon,linnellii
862100,Euaugaptilus,gracilis
100479,Aphis,nerii
447135,Myodes,glareolus
858503,Rattus,cf.
871569,Ligia,sp.
883576,Icacina,sp.
168771,Phacellophora,camtschatica
4081,Solanum,lycopersicum
882930,Hyperolius,spinigularis
554065,Chlorella,variabilis
104421,Camponotus,floridanus
610380,Harpegnathos,saltator
517549,Echinodium,spinosum
8199,Zoarces,americanus
889136,Epeolus,sp.
796239,Mindarus,japonicus
326026,Geranium,palmatum
59433,Helichrysum,filicaule
887725,Alena,distincta
458089,Egretta,eulophotes
162370,Triatoma,matogrossensis
31234,Caenorhabditis,remanei
646520,Contracaecum,rudolphii
66913,Ictalurus,furcatus
1106575,Noctuidae,sp.
34765,Oikopleura,dioica
689567,Zintha,hintza
653463,Wrightia,tinctoria
44522,Pelomedusa,subrufa
39984,Bruguiera,gymnorhiza
1106704,Noctuidae,sp.
24957,Gunnera,manicata
926810,Atrina,seminuda
418125,Curvularia,eragrostidis
909126,Scolopsis,ghanam
509904,Platycerus,sugitai
91731,Mormyrus,rume
407123,Notodoris,gardineri
312005,Platypleura,sp.
699963,Leptocerina,spinigera
699868,Limnephilus,centralis
102246,Boulengerula,taitana
13489,Dicentrarchus,labrax
75832,Mareca,americana
346249,Dosidicus,gigas
206589,Diporiphora,magna
5664,Leishmania,major
6669,Daphnia,pulex
13686,Solenopsis,invicta
698877,Aspidiotus,cryptomeriae
341668,Phragmatopoma,lapidosa
8042,Parahucho,perryi
44056,Aureococcus,anophagefferens
5786,Dictyostelium,purpureum
763196,Apolygus,roseofemoralis
329111,Coquillettidia,perturbans
9545,Macaca,nemestrina
77065,Salix,purpurea
2850,Phaeodactylum,tricornutum
4151,Antirrhinum,majus
6253,Ascaris,suum
564076,Phoxinus,steindachneri
946362,Salpingoeca,rosetta
941581,Stewartia,rubiginosa
214342,Scopula,inductata
53094,Paphiopedilum,hirsutissimum
103592,Feresa,attenuata
643344,Paedocypris,progenetica
103372,Acromyrmex,echinatior
51950,Oophaga,pumilio
488919,Solanum,lichtensteinii
1027142,Heteropterys,brachiata
1009499,Ormosia,glaberrima
73275,Helianthus,argophyllus
4232,Helianthus,annuus
94232,Epinephelus,coioides
88395,Marsilea,ancylopoda
9796,Equus,caballus
9483,Callithrix,jacchus
9258,Ornithorhynchus,anatinus
66186,Drysdalia,coronoides
161997,Peltigera,membranacea
85552,Scylla,paramamosain
32264,Tetranychus,urticae
669489,Phytophthora,frigida
145980,Acidosasa,purpurea
1007391,Pasiphila,nr.
986958,Comibaena,bajularia
400522,Rytidosperma,oreoboloides
384397,Lupinus,chrysanthus
1053405,Verbascum,virgatum
6645,Octopus,vulgaris
992232,Celeus,torquatus
9430,Desmodus,rotundus
87707,Cyprinella,analostana
5802,Eimeria,tenella
9103,Meleagris,gallopavo
59463,Myotis,lucifugus
61853,Nomascus,leucogenys
9986,Oryctolagus,cuniculus
5476,Candida,albicans
9598,Pan,troglodytes
288313,Hynobius,chinensis
202058,Dolloidraco,longedorsalis
43256,Harpagifer,antarcticus
8409,Pelophylax,nigromaculatus
82168,Emys,orbicularis
1028203,Austrarchaea,sp.
1085616,Gekko,grossmanni
1070603,Boophis,sp.
42733,Echymipera,kalubu
55782,Myrmecobius,fasciatus
94190,Genetta,genetta
37702,Pseudochirops,cupreus
34609,Amblyomma,maculatum
9785,Loxodonta,africana
9305,Sarcophilus,harrisii
310659,Odorrana,ishikawae
945300,Hydroptila,sp.
1068577,Radula,reflexa
882616,Parasarpa,zayla
283009,Phytophthora,andina
128124,Craspedacusta,sowerbyi
1043455,Lysimachia,heterobotrys
217509,Carassius,carassius
38632,Tarsipes,rostratus
119284,Sphecodina,abbottii
37657,Silene,latifolia
13037,Danaus,plexippus
9541,Macaca,fascicularis
79923,Clonorchis,sinensis
527911,Pangio,cf.
7962,Cyprinus,carpio
669809,Salix,myrtilloides
204942,Sacalia,bealei
538583,Potentilla,recta
3449,Caltha,palustris
245360,Distichophyllum,pulchellum
992706,Gymnosporia,heterophylla
370340,Ficus,arfakensis
1085481,Pisonia,longirostris
381882,Nesospiza,wilkinsi
1108858,Lebinthus,nattawa
55542,Lissemys,punctata
1097205,Habenaria,panchganiensis
45931,Pratylenchus,vulnus
531986,Anolis,jacare
71645,Pinus,patula
190402,Pinus,densata
261911,Pinus,clausa
209689,Cramptonomyia,spenceri
909758,Schistocerca,alutacea
46901,Persicaria,hydropiper
586818,Echidna,nebulosa
195319,Platyrhina,sinensis
299343,Acrolejeunea,fertilis
115875,Zamia,restrepoi
111998,Mimus,gilvus
114369,Piprites,chloris
30611,Otolemur,garnettii
699748,Aphaenops,tiresias
86303,Portulacaria,afra
89792,Sagenomella,diversispora
337696,Hatcheria,macraei
94289,Sterkiella,histriomuscorum
39545,Manfreda,virginica
100521,Liriope,spicata
34216,Iris,tenax
34199,Aloe,vera
8569,Tarentola,mauritanica
8090,Oryzias,latipes
9601,Pongo,abelii
281687,Caenorhabditis,japonica
51511,Ciona,savignyi
7897,Latimeria,chalumnae
99883,Tetraodon,nigroviridis
164328,Phytophthora,ramorum
448521,Pristimantis,achatinus
150707,Dendropsophus,labialis
1138395,Bulbophyllum,coniferum
65070,Pythium,aphanidermatum
222989,Navia,saxicola
939155,Syngonanthus,chrysanthus
365734,Alisma,triviale
216999,Euphorbia,horrida
1136111,Diporiphora,nobbi
63824,Ozotoceros,bezoarticus
9945,Tragelaphus,oryx
80345,Chlorostoma,brunnea
1097914,Antaeotricha,sp.
1142832,Noctuidae,sp.
1140708,Cliniodes,nomadalis
1098397,Elaphria,sp.
1098333,Dolichogenidea,sp.
37679,Heteranthelium,piliferum
912805,Johnius,amblycephalus
1086000,Potamonautes,mulanjeensis
173389,Drosera,anglica
214479,Elymus,athericus
4494,Aegilops,markgrafii
946245,Brachymeles,bonitae
109659,Stropharia,aeruginosa
59861,Coregonus,clupeaformis
94323,Crassostrea,ariakensis
1166844,Bembidion,modestum
86923,Nocomis,biguttatus
400682,Amphimedon,queenslandica
4538,Oryza,glaberrima
1128315,Solanum,sp.
1129735,Tournefortia,bicolor
205522,Solanum,accrescens
1119039,Gagea,anonyma
278798,Trochidrobia,punicea
206831,Coprophanaeus,telamon
474145,Askinasia,antillarum
1111229,Grallobia,sp.
1111196,Aniibius,drepanophorus
8128,Oreochromis,niloticus
43179,Ictidomys,tridecemlineatus
182768,Porphyra,mumfordii
34305,Lotus,japonicus
3735,Moringa,oleifera
154407,Opuntia,quimilo
1129994,Euphorbia,gentilis
36803,Sorex,cinereus
5827,Plasmodium,cynomolgi
76194,Papilio,polytes
61426,Drosophila,diplacantha
50033,Drosophila,kanekoi
260624,Heosemys,annandalii
1056035,Wormaldia,sp.
201859,Strombomonas,acuminata
7004,Locusta,migratoria
9970,Syncerus,caffer
575568,Lysmata,amboinensis
112226,Malacomys,longipes
99345,Scomberomorus,regalis
1150429,Anchoa,lamprotaenia
666514,Praomys,lukolelae
591271,Netuma,bilineata
1194963,Geastrum,javanicum
4092,Nicotiana,plumbaginifolia
876649,Gymnomuraena,zebra
871758,Dendrocalamus,semiscandens
478698,Chaerephon,plicatus
1196395,Peterozyma,toletana
4533,Oryza,brachyantha
173247,Echeneis,naucrates
599839,Fibroporia,radiculosa
448706,Ischnocnema,izecksohni
272673,Drynaria,bonii
1222202,Cylicomorpha,solmsii
1226139,Fagraea,resinosa
3726,Raphanus,sativus
68444,Polypedates,leucomystax
43073,Pittosporum,tobira
1172189,Oxytricha,trifallax
201758,Anthonomus,pomorum
545777,Crassostrea,sp.
1090907,Hydroporus,hebaueri
165450,Hyriopsis,cumingii
149650,Dussia,lehmannii
8822,Apteryx,australis
207887,Liabum,bourgeaui
89462,Bubalus,bubalis
159749,Thalassiosira,oceanica
29159,Crassostrea,gigas
8038,Salvelinus,fontinalis
216820,Cyclophora,tenuis
7868,Callorhinchus,milii
1227503,Cyrtodactylus,sp.
8547,Xantusia,vigilis
58228,Garcinia,mangostana
1241917,Schistostemon,retusum
1241925,Lacistema,robustum
7221,Drosophila,funebris
13735,Pelodiscus,sinensis
7425,Nasonia,vitripennis
1197225,Caryocolum,petrophila
223369,Astyanax,fasciatus
329759,Solanum,aculeastrum
421465,Metacnephia,lyra
1251695,Trombidiformes,sp.
1240288,Orthocentrus,sp.
1260094,Phymaturus,sp.
76254,Mycalesis,gotama
83678,Neurospora,pannonica
41875,Bathycoccus,prasinos
57855,Starksia,atlantica
709348,Corallus,hortulanus
1076096,Rhantus,sp.
27923,Mnemiopsis,leidyi
121845,Diaphorina,citri
119480,Pseudoxiphophorus,bimaculatus
1242043,Cambarellus,sp.
1263248,Zephyranthes,treatiae
1265864,Carcinops,gilensis
266512,Bolitoglossa,occidentalis
9402,Pteropus,alecto
225400,Myotis,davidii
72359,Trachipleistophora,hominis
72859,Rhipicephalus,pulchellus
1893499,Glyptapanteles,sp.
1893356,Dolichogenidea,sp.
1269629,Diolcogaster,sp.
878190,Schoenitemnus,minutus
30301,Botryllus,schlosseri
1086253,Coequosa,triangularis
721154,Nordstromia,grisearia
1178046,Acleris,semipurpurana
1178305,Leucomele,miriamella
1035780,Kaloula,picta
274527,Probreviceps,macrodactylus
127654,Ptychadena,anchietae
751993,Cyrtodactylus,quadrivirgatus
261709,Ramphotyphlops,pilbarensis
1069386,Notoscopelus,japonicus
125796,Benthosema,glaciale
992583,Hydraena,exarata
72004,Bos,mutus
4113,Solanum,tuberosum
9371,Echinops,telfairi
1291237,Ataliothrips,reuteri
1219509,Astragalus,speciosus
130081,Galdieria,sulphuraria
9685,Felis,catus
8083,Xiphophorus,maculatus
106773,Pachycladon,cheesemanii
1239071,Buitinga,cf.
498171,Xylaria,papulis
1281938,Proasellus,aquaecalidae
462689,Oldenlandia,hedyotidea
1858805,Dacryopinax,primogenitus
3760,Prunus,persica
8469,Chelonia,mydas
4572,Triticum,urartu
37682,Aegilops,tauschii
38727,Panicum,virgatum
9931,Damaliscus,pygargus
1262161,Pyropia,haitanensis
46514,Patiria,miniata
93129,Tetranychus,cinnabarinus
1317846,Homalium,letestui
269057,Menidia,beryllina
624258,Rhantus,elisabethae
58666,Ensis,directus
77166,Dendroctonus,ponderosae
50298,Rumex,palustris
1051067,Doryteuthis,pealeii
6182,Schistosoma,japonicum
76467,Lachnocaulon,anceps
52781,Mycteria,leucocephala
52779,Leptoptilos,javanicus
30637,Nannospalax,ehrenbergi
7668,Strongylocentrotus,purpuratus
3088,Tetradesmus,obliquus
44689,Dictyostelium,discoideum
8400,Rana,catesbeiana
214529,Viola,biflora
7130,Manduca,sexta
5693,Trypanosoma,cruzi
4530,Oryza,sativa
76315,Caulerpa,sertularioides
379644,Picris,squarrosa
9718,Pusa,hispida
367663,Platymantis,naomii
42229,Prunus,avium
94176,Dicamptodon,tenebrosus
3330,Picea,glauca
3329,Picea,abies
339118,Rhipidoglossum,xanthopollinium
62890,Solanum,habrochaites
356277,Pseudobersama,mossambicensis
189432,Penicillus,dumetosus
40690,Trematomus,bernacchii
30334,Amietophrynus,kisoloensis
114617,Iris,tectorum
52890,Sagitta,setosa
304329,Lonomia,obliqua
113382,Onychodactylus,fischeri
380631,Baltia,shawii
5272,Microbotryum,violaceum
7937,Anguilla,japonica
29076,Macroglossus,minimus
3712,Brassica,oleracea
253516,Anomodon,viticulosus
362203,Spongipellis,sp.
112863,Lycium,barbarum
324423,Leptodontium,luteum
366133,Palaeonympha,opalina
366088,Hyponephele,cadusia
204285,Melanocarpus,albomyces
355177,Thracides,phidon
108551,Dermea,acerina
9182,Phylloscopus,trochilus
10231,Sagitta,elegans
307046,Nicrophorus,humator
287706,Notarius,aff.
118797,Lipotes,vexillifer
143894,Trachipterus,trachypterus
10007,Sciurus,aberti
41232,Petrea,racemosa
29728,Sinapis,arvensis
326390,Bruchidius,grandemaculatus
317398,Smilisca,cyanosticta
218449,Ceramium,kondoi
32251,Geum,fragarioides
78714,Calypso,bulbosa
28791,Cyprinella,lutrensis
52039,Carabus,arrowianus
38160,Ophraella,notulata
61383,Lynx,canadensis
35884,Ipomoea,trifida
283373,Cypselurus,hiraii
313979,Pluchea,sarcophylla
127643,Boophis,luteus
279454,Androcymbium,huntleyi
292400,Themira,flavicoxa
55567,Suberites,domuncula
65727,Deparia,petersenii
5875,Theileria,parva
75020,Ctenochaetus,binotatus
5874,Theileria,annulata
5825,Plasmodium,chabaudi
116183,Chthamalus,proteus
42328,Ephedra,gerardiana
233859,Pollimyrus,marianne
5062,Aspergillus,oryzae
148305,Magnaporthe,grisea
310436,Solenopsis,pusillignis
231900,Nitella,megaspora
249017,Rhynchonycteris,naso
241287,Diproctacanthus,xanthurus
237413,Catostylus,mosaicus
283560,Prosuberites,laughlini
301342,Campanula,garganica
202711,Climacodon,septentrionalis
231986,Lasius,fuliginosus
4414,Euryale,ferox
290202,Swiftia,sp.
38937,Anolis,sagrei
284474,Lutjanus,sp.
139758,Lepistemon,owariensis
283873,Avena,damascena
66025,Eriachne,triseta
15819,Saccharum,sp.
335492,Ephydatia,cooperensis
272024,Zabrus,flavangulus
56036,Fraxinus,pennsylvanica
235823,Pseudomalmea,diclina
252526,Coccinia,palmata
146548,Polytrichum,pallidisetum
57251,Strigops,habroptilus
222834,Hypoplectrus,indigo
225296,Aphodius,cribricollis
4934,Lachancea,kluyveri
226938,Velesunio,sp.
9995,Marmota,monax
215324,Galerida,magnirostris
63581,Trichoderma,fertile
209232,Betta,waseri
179189,Dioon,purpusii
252766,Quercus,lyrata
39468,Quercus,cerris
5665,Leishmania,mexicana
27695,Prochilodus,lineatus
1457308,Xenotoca,variata
96745,Lamprolepis,smaragdina
7048,Sitophilus,oryzae
236855,Sarcophaga,albiceps
105750,Kadsura,japonica
229075,Amphiprion,sebae
41378,Avicennia,germinans
5807,Cryptosporidium,parvum
5621,Zygoascus,hellenicus
15945,Zea,luxurians
199980,Capraita,clarissa
118653,Anolis,roquet
64352,Echinometra,sp.
222440,Streblomastix,strix
5145,Podospora,anserina
47969,Oreochromis,aureus
34176,Lolium,temulentum
181418,Chaunax,tosaensis
111071,Formica,lugubris
9426,Tonatia,bidens
6687,Penaeus,monodon
27291,Saccharomyces,paradoxus
166356,Onthophagus,ovatus
197396,Hildebrandtia,promontorii
4366,Drosera,capensis
199418,Hypocalymma,strictum
187343,Campyloneurum,chlorolepis
187374,Pyrrosia,lingua
80265,Elaeis,oleifera
163828,Percina,palmaris
167590,Dioscorea,membranacea
152733,Klattia,flava
5098,Monascus,purpureus
8262,Pleuronectes,platessa
86749,Magnolia,insignis
74127,Mesonauta,insignis
153204,Talitropsis,crassicruris
140669,Vitreochlamys,fluviatilis
150971,Nepenthes,insignis
5659,Leishmania,amazonensis
4754,Pneumocystis,carinii
145666,Botryocladia,uvarioides
135881,Aleochara,curtula
146553,Pleurophascum,occidentale
29170,Ancylostoma,caninum
141274,Cacatua,galerita
144740,Caridina,zebra
38894,Anolis,grahami
131216,Eretmocerus,warrae
31472,Gracilariopsis,tenuifrons
112877,Lycium,pilifolium
121388,Centropus,viridis
7264,Drosophila,buzzatii
5811,Toxoplasma,gondii
64495,Rhizopus,oryzae
8932,Columba,livia
93934,Coturnix,japonica
88127,Ctenomys,torquatus
107285,Eliurus,myoxinus
107287,Eliurus,webbi
6206,Taenia,saginata
88053,Ischnura,verticalis
96555,Trama,troglodytes
108416,Mauloutchia,chapelieri
90727,Glyptotermes,sp.
6494,Conus,textile
85835,Strychnos,potatorum
8296,Ambystoma,mexicanum
81985,Capsella,rubella
8839,Anas,platyrhynchos
2903,Emiliania,huxleyi
183104,Zexmenia,serrata
110325,Cantua,buxifolia
1197281,Cystomastacoides,sp.
82336,Notholirion,bulbuliferum
1212049,Eupithecia,sp.
1329501,Gastrotheca,rebeccae
1334945,Mycteromyia,sp.
329032,Riptortus,pedestris
2769,Chondrus,crispus
283909,Capitella,teleta
57918,Fragaria,vesca
1216365,Cibyra,sp.
1288833,Cottus,cf.
300221,Arothron,hispidus
9770,Balaenoptera,physalus
310722,Leavenworthia,alabamica
1226696,Hemidactylus,festivus
1206982,Aracana,aurita
566037,Saccharomycetaceae,sp.
33085,Entamoeba,invadens
116150,Pararge,aegeria
1226075,Euodia,tietaensis
27406,Cherax,quadricarinatus
113610,Thielavia,arenaria
1312902,Camarothorax,bimasculinus
42747,Fusarium,heterosporum
460091,Diplodactylus,conspicillatus
1357327,Stictocladius,multiserialis
31243,Globodera,rostochiensis
215987,Mossia,intervallaris
1377736,Xylorycta,emarginata
1377325,Telanepsia,sp.
1373448,Eulechria,micranepsia
1376406,Plectophila,sp.
1374098,Heterobathra,sp.
1374887,Lophothorax,eremnopis
1374988,Macrobathra,philopsamma
142615,Dendrobium,catenatum
8034,Salvelinus,leucomaenis
564075,Microphysogobio,longidorsalis
109478,Myotis,brandtii
192259,Genlisea,aurea
28005,Strigomonas,culicis
59799,Angomonas,deanei
419612,Camelus,ferus
42839,Anopheles,aquasalis
6412,Helobdella,robusta
36166,Megaselia,scalaris
13249,Rhodnius,prolixus
126957,Strigamia,maritima
340180,Laonastes,aenigmamus
992677,Croton,sylvaticus
173339,Trachinotus,ovatus
40993,Aspergillus,carbonarius
1387314,Thomomys,nigricans
1367106,Monodactylus,sebae
56558,Centropomus,armatus
91943,Hortaea,werneckii
3885,Phaseolus,vulgaris
6087,Hydra,vulgaris
59894,Ficedula,albicollis
1238287,Phyrella,fragilis
69781,Penicillium,oxalicum
9507,Ateles,belzebuth
7946,Muraenesox,cinereus
89662,Ipomoea,setosa
139753,Ipomoea,pedicellaris
1370023,Corethrella,appendiculata
133946,Metapanax,delavayi
228393,Kalopanax,septemlobus
492764,Sesamia,inferens
313189,Protobothrops,xiangchengensis
1417318,Ptychadena,cf.
5466,Colletotrichum,trifolii
281411,Onychiurus,groenlandicus
452646,Neovison,vison
228608,Xenopus,gilli
5801,Eimeria,acervulina
51316,Eimeria,praecox
44415,Eimeria,mitis
51314,Eimeria,brunetti
5804,Eimeria,maxima
51315,Eimeria,necatrix
6289,Haemonchus,contortus
225164,Lottia,gigantea
72664,Eutrema,salsugineum
85681,Citrus,clementina
217634,Anoplophora,glabripennis
1411046,Microsepsis,sp.
1421397,Baryscapus,sp.
73285,Helianthus,divaricatus
768699,Lygodactylus,chobiensis
370032,Isotomiella,minor
369669,Crossocheilus,latius
348837,Spironucleus,salmonicida
8665,Ophiophagus,hannah
7461,Apis,cerana
253176,Aphanomyces,cladogamus
1297118,Cheirotonus,jansoni
1328733,Puntius,sp.
84529,Metagonimus,yokogawai
73178,Pelargonium,alternans
1399943,Ophiocordyceps,lloydii
156133,Prasinoderma,coloniale
267130,Acanthogobius,hasta
272187,Dyscophus,antongilii
6759,Carcinus,maenas
280737,Pycnandra,paucinervia
13333,Amborella,trichopoda
4792,Phytophthora,parasitica
51031,Necator,americanus
112090,Aphanomyces,astaci
7994,Astyanax,mexicanus
7918,Lepisosteus,oculatus
1428818,Athenaea,pereirae
52233,Nasutitermes,corniger
596548,Cupido,minimus
7998,Ictalurus,punctatus
30601,Propithecus,tattersalli
82328,Lilium,regale
308085,Odontobutis,potamophila
134006,Phytomonas,sp.
134013,Phytomonas,sp.
72520,Nannochloropsis,gaditana
7213,Ceratitis,capitata
1158816,Asparagus,suaveolens
1329083,Eurytoma,acuta
1464629,Fumaria,rupestris
1440996,Ellisella,sp.
109741,Pygoplites,diacanthus
185490,Ilex,amara
1144450,Trichosanthes,odontosperma
1457057,Bathysciola,schiodtei
981085,Morus,notabilis
1277948,Phymatolithon,purpureum
1159882,Blarinella,quadraticauda
1484521,Hemichromis,sp.
7723,Polyandrocarpa,misakiensis
46433,Reticulomyxa,filosa